First\Second,Bash,Defend,Strike,Anger,Armaments,Body Slam,Clash,Cleave,Clothesline,Flex,Havoc,Headbutt,Heavy Blade,Iron Wave,Perfected Strike,Pommel Strike,Shrug it Off,Sword Boomerang,Thunderclap,True Grit,Twin Strike,Warcry,Wild Strike,Battle Trance,Blood for Blood,Bloodletting,Burning Pact,Carnage,Combust,Dark Embrace,Disarm,Dropkick,Dual Wield,Entrench,Evolve,Feel No Pain,Fire Breathing,Flame Barrier,Ghostly Armor,Hemokinesis,Infernal Blade,Inflame,Intimidate,Metallicize,Power Through,Pummel,Rage,Rampage,Reckless Charge,Rupture,Searing Blow,Second Wind,Seeing Red,Sentinel,Sever Soul,Shockwave,Spot Weakness,Uppercut,Whirlwind,Barricade,Berserk,Bludgeon,Brutality,Corruption,Demon Form,Double Tap,Exhume,Feed,Fiend Fire,Immolate,Impervious,Juggernaut,Limit Break,Offering,Reaper
Bash,1,0,1,1,0,1,1,1,1,0,0.5,1,1,1,1,1,0,0.5,1,0,1,0,1,0,1,0,0,1,0,0,0,2,0,0,0,0,0,0,0,1,0.5,0,0,0,0,1,0,1,1,0,1,0,0,0,1,0,0,1,1,0,0,1,0,0,0,0,0,1,1,1,0,0,0,0,1
Defend,0,0,0,0,0,2,0,0,0,0,0,0,0,0,0,0,0,0,0,0,0,0,0,0,-0.5,0,0,0,0,0,0,0,0,2,0,0,0,0,0,0,0,0,0,0,0,0,0,0,0,0,0,0,0,0,0,0,0,0,0,1,0,0,0,0,0,0,0,0,0,0,0,0,0,0,-0.5
Strike,0,0,0,0,0,0,0,0,0,0,0,0,0,0,0.5,0,0,0,0,0,0,0,0,0,0,0,0,0,0,0,0,0,0,0,0,0,0,0,0,0,0,0,0,0,0,0,0,0,0,0,0,0,0,0,0,0,0,0,0,0,0,0,0,0,0,0,0,0,0,0,0,0,0,0,0
Anger,0,0,0,0,0,0,0,0,0,0,-0.5,0.5,0,0,0,0.5,0.5,0,0,0.5,0,0,0,0.5,0,-0.5,0.5,0,0,0,0,0,0,0,0,0,-0.5,0,0,0,0,0,0,0,0,0,0,0,0,0,0,0,0,0,0,0,0,0,0,0,0,0,0,0,0,0,0,0,1,0,0,0,0,0.5,0
Armaments,0.5,0.5,0.5,0.5,0.5,2,0.5,0.5,0.5,0.5,0.5,0.5,0.5,0.5,0.5,0.5,0.5,0.5,0.5,0.5,0.5,0.5,0.5,0.5,0,0.5,0.5,0.5,0.5,0.5,0.5,0.5,1,2,0.5,0.5,0.5,0.5,0.5,0.5,0.5,0.5,0.5,0.5,0.5,0.5,0.5,0.5,0.5,0.5,1,0.5,0.5,0.5,0.5,0.5,0.5,0.5,0.5,0.5,0.5,0.5,0.5,0.5,0.5,0.5,0.5,0.5,0.5,0.5,0.5,0.5,0.5,0.5,0.5
Body Slam,0,0,0,0,0,0,0,0,0,0,0,0,0,0,0,0,0,0,0,0,0,0,0,0,0,0,0,0,0,0,0,0,0,0,0,0,0,0,0,0,0,0,0,0,0,0,0,0,0,0,0,0,0,0,0,0,0,0,0,0,0,0,0,0,0,0,0,0,0,0,0,0,0,0,0
Clash,0,0,0,0,0,0,0,0,0,0,0,0,0,0,0,0,0,0,0,0,0,0,0,0,0,0,0,0,0,0,0,0,0,0,0,0,0,0,0,0,0,0,0,0,0,0,0,0,0,0,0,0,0,0,0,0,0,0,0,0,0,0,0,0,0,0,0,0,0,0,0,0,0,0,0
Cleave,0,0,0,0,0,0,0,0,0,0,0,0,0,0,0,0,0,0,0,0,0,0,0,0,0,0,0,0,0,0,0,0,0,0,0,0,0,0,0,0,0,0,0,0,0,0,0,0,0,0,0,0,0,0,0,0,0,0,0,0,0,0,0,0,0,0,0,0,0,0,0,0,0,0,0
Clothesline,0,0,0,0,0,0,0,0,0,0,0,0,0,0,0,0,0,0,0,0,0,0,0,0,-0.5,0,0,0,0,0,0,0,0,0,0,0,0,0,0,0,0,0,0,0,0,0,0,0,0,0,0,0,0,0,0,0,0,0,0,0,0,0,0,0,0,0,0,0,0,0,0,0,0,0,-0.5
Flex,1,0,1,1,0,1,1,1.5,1,0,0.5,1,2,1,1,1,0,2,1.5,0,2,0,1,0,1,0.5,0,0.5,0,0,0,1,0,0,0,0,0,0,0,1,0.5,0,0,0,0,2,0,1,1,0,1,0,0.5,0,1,0,0,1,1.5,0,0,0.5,0,0,0,0,0,1,1.5,1.5,0,0,2,0.5,2
Havoc,0,0,0,0,0,0,0,0,0,0,0,0,0,0,0,0,0,0,0,0,0,0,0,0,0,0,0,0,0,0,0,0,0,0,0,0,0,0,0,0,0,0,0,0,0,0,0,0,0,0,0,0,0,0,0,0,0,0,0,0,0,0,0,0,0,0,0.5,0,0,0,0,0,0,0,0
Headbutt,0,0,0,0,0,0,0,0,0,0,2,0,0,0,0,1,1,0,0,0,0,1,0,1,0,0,1,0,0,0,0,0.5,0.5,0,0,0,0.5,0,0,0,0,0,0,0,0,0,0,0,0,0,0,0,0,0,0,0,0,0,0,0,0,0,0,0,0,0.5,0,0,0,0,0,0,0,1,0
Heavy Blade,0,0,0,0,0,0,0,0,0,0,0,0,0,0,0,0,0,0,0,0,0,0,0,0,0,0,0,0,0,0,0,0,0,0,0,0,0,0,0,0,0,0,0,0,0,0,0,0,0,0,0,0,0,0,0,0,0,0,0,0,0,0,0,0,0,0,0,0,0,0,0,0,0,0,0
Iron Wave,0,0,0,0,0,2,0,0,0,0,0,0,0,0,0,0,0,0,0,0,0,0,0,0,-0.5,0,0,0,0,0,0,0,0,2,0,0,0,0,0,0,0,0,0,0,0,0,0,0,0,0,0,0,0,0,0,0,0,0,0,1,0,0,0,0,0,0,0,0,0,0,0,0,0,0,-0.5
Perfected Strike,0,0,0.5,0,0,0,0,0,0,0,0,0,0,0,0.5,0.5,0,0,0,0,0.5,0,0.5,0,0,0,0,0,0,0,0,0,0,0,0,0,0,0,0,0,0,0,0,0,0,0,0,0,0,0,0,0,0,0,0,0,0,0,0,0,0,0,0,0,0,0,0,0,0,0,0,0,0,0,0
Pommel Strike,0,0,0,0,0.5,0,-1,0,0,0,0,0,0,0,0.5,0,0,0,0,0,0,0.5,0,0,0,1,0,0,0,0,0,0,0.5,0,0,0,0,0,0,0,0,0,0,0,0,0,0.5,0,0,0,0,0.5,1,0,-1,0,0,0,0,0,0,0,0,0.5,0,0.5,0,0,0.5,0,0,0,0,0.5,0
Shrug it Off,0,0,0,0,0.5,2,-1,0,0,0,0,0,0,0,0,0,0,0,0,0,0,0.5,0,0,-0.5,1,0,0,0,0,0,0,0.5,2,0,0,0,0,0,0,0,0,0,0,0,0,0.5,0,0,0,0,0.5,1,0,-1,0,0,0,0,1,0,0,0,0.5,0,0.5,0,0,0.5,0,0,0,0,0.5,-0.5
Sword Boomerang,0,0,0,0,0,0,0,-0.5,0,0,0,0,0,0,0,0,0,0,-0.5,0,0,0,0,0,0,0,0,0,-0.5,0,0,0,0,0,0,0,-0.5,0,0,0,0,0,0,0,0,0,0,0,0,0,0,0,0,0,0,0,0,0,-0.5,0,0,0,0,0,0,0,0,-1,-0.5,-0.5,0,0,0,0,-0.5
Thunderclap,1,0,1,1,0,1,1,1.5,1,0,0.5,1,1,1,1,1,0,1,1.5,0,1,0,1,0,1,0,0,1,0,0,0,2,0,0,0,0,0,0,0,1,0.5,0,0,0,0,1,0,1,1,0,1,0,0,0,1,0,0,1,1.5,0,0,1,0,0,0,0,0,1,1.5,1.5,0,0,0,0,2
True Grit,0,0,0,0,-0.5,2,0.5,0,0,0,0,0,0,0,-0.5,0,0,0,0,0,0,0,0,0,-0.5,-0.5,0,0,0,0,0,0,-0.5,2,0,0,0,0,0,0,0,0,0,0,0,0,0,0,0,0,0,-0.5,-0.5,0.5,0.5,0,0,0,0,1,0,0,0,0,0,-0.5,1,0,-0.5,0,0,0,0,0,-0.5
Twin Strike,0,0,0,0,0,0,0,0,0,0,0,0,0,0,0.5,0,0,0,0,0,0,0,0,0,0,0,0,0,0,0,0,0,0,0,0,0,0,0,0,0,0,0,0,0,0,0,0,0,0,0,0,0,0,0,0,0,0,0,0,0,0,0,0,0,0,0,0,0,0,0,0,0,0,0,0
Warcry,0,0,0,0,0,0,0,0,0,0,2,0,0,0,0,-0.5,-0.5,0,0,0,0,-0.5,0,-0.5,0,0,-0.5,0,0,0,0,0,0.5,0,0,0,0.5,0,0,0,0,0,0,0,0,0,0.5,0,0,0,0,0,0,0,0,0,0.5,0,0,0,0,0,0,0,0,0.5,0.5,0,0,0,0,0,0,-0.5,0
Wild Strike,0,0,0,0,0,0,-0.5,0,0,0,0,0.5,0,0,0.5,-0.5,-0.5,0,0,0.5,0,0.5,0,-0.5,0,-0.5,1,0,0,0,0,0,-0.5,0,1.5,0,1.5,0,0,0,0,0,0,0,0,0,0,0,0,0,0,0.5,-0.5,0,0.5,0,0,0,0,0,0,0,0,0,0,-0.5,0,0,0.5,0,0,0,0,-0.5,0
Battle Trance,0,0,0,0,1,0,-1.5,0,0,0,0,0,0,0,0,-1,-1,0,0,0,0,-0.5,0,-1,0,1,-1,0,0,-0.5,0,-0.5,0.5,0,0,0,0,0,0,0,0,0,0,0,0,0,0.5,0,0,0,0,0.5,1,0,-1,0,0,0,0,0,0,0,0,0.5,0,0.5,0,0,0.5,0,0,0,0,-1,0
Blood for Blood,0,0,0,0,0,0,0,0,0,0,0,0,0,0,0,0,0,0,0,0,0,0,0,0,0,0,0,0,0,0,0,0,0,0,0,0,0,0,0,0,0,0,0,0,0,0,0,0,0,0,0,0,0,0,0,0,0,0,0,0,0,0,0,0,0,0,0,0,0,0,0,0,0,0,0
Bloodletting,0,0,0,0,0,0.5,0.5,0,0,0.5,0,0,0,0,0,1,1,0,0,0.5,0,0.5,0,1,2,0,1,0.5,0,0,0,0,1,0,0,0,0,0,0.5,0,0,0,0,0,0,0,0.5,0,0,0,0,0,0,0,0,0,0,0,0.5,0,0,0,0,-0.5,0,0,0,0,0,0,0,0.5,0,1,0.5
Burning Pact,0,0,0,0,1,0,-0.5,0,0,0,0,0,0,0,-0.5,0,0,0,0,0,0,0.5,0,0,0,1,0,0,0,0,0,0,0.5,0,0,0,0,0,0,0,0,0,0,0,0,0,0.5,0,0,0,0,0.5,1,0.5,-0.5,0,0,0,0,0,0,0,0,0.5,0,0.5,1,0,0.5,0,0,0,0,0.5,0
Carnage,0,0,0,0,0,0,0,0,0,0,0,0,0,0,0,0,0,0,0,0,0,0,0,0,0,0,0,0,0,0,0,0,0,0,0,0,0,0,0,0,0,0,0,0,0,0,0,0,0,0,0,0,0,0,0,0,0,0,0,0,0,0,0,0,0,0,0,0,0,0,0,0,0,0,0
Combust,0,0,0,0,0,0,0,0,0,0,0,0,0,0,0,0,0,-0.5,0,0,0,0,0,0,2,0,0,0,0,0,0,0,0,0,0,0,0,0,0,0,0,0,0,0,0,0,0,0,0,2,0,0,0,0,0,0,0,0,0,0,0,0,0,0,0,0,0,-0.5,0,0,0,0,0,0,0
Dark Embrace,0,0,0,0,0.5,0,0,0,0,0,1,0,0,0,0,0,0,0,0,1,0,0.5,0,0,0,0,1,1,0,0,1,0,0,0,0,0,0,0,1,0,1,0,1,0,0,1,0,0,1,0,0,2,1,0.5,2,1,0,0,0,0,0,0,0,2,0,0,1.5,1,2,0,1,0,1,1,1
Disarm,0,0,0,0,0,0,0,0,0,0,0,0,0,0,0,0,0,0,0,0,0,0,0,0,-0.5,0,0,0,0,0,0,0,0,0,0,0,0,0,0,0,0,0,0,0,0,0,0,0,0,0,0,0,0,0,0,0,0,0,0,0,0,0,0,0,0,0,0.5,0,0,0,0,0,0,0,-0.5
Dropkick,0,0,0,0,0.5,0,0,0,0,0,0,0,0,0,0,0,0,0,0,0,0,0,0,0,0,0,0,0,0,0,0,0,0,0,0,0,0,0,0,0,0,0,0,0,0,0,0,0,0,0,0,0,0,0,0,0,0,0,0.5,0,0,0,0,0,0,0,0,0,0,0,0,0,0,0,0
Dual Wield,0,0,0,0,0,0,0,0,0,0,0,0.5,0,0,0,0,0,0,0,0,0,0.5,0,0,0,1,0,0,0,0,0,0,0,0,0,0,0,0,0,0,0,0,0,0,0,0,0,0,0,0,0,0.5,1,0,0,0,0,0,0,0,0,0,0,0,0,0,0,0,0.5,0,0,0,0,0.5,0
Entrench,0,0,0,0,0,0,0,0,0,0,0,0,0,0,0,0,0,0,0,0,0,0,0,0,0,0,0,0,0,0,0,0,0,0,0,0,0,0,0,0,0,0,0,0,0,0,0,0,0,0,0,0,0,0,0,0,0,0,0,0,0,0,0,0,0,0,0,0,0,0,0,0,0,0,0
Evolve,0,0,0,-0.5,0.5,0,-0.5,0,0,0,0,0,0,0,0,0,0,0,0,0,0,0,1.5,0,0,0.5,0,0,0,0,0,0,0.5,0,0,0,0.5,0,0,0,0,0,0,0,1,0,0,0.5,1.5,0,0,0.5,0.5,0,0,0,0,0,0,0,0,0,0,0.5,0,0.5,0,0,0.5,0,0,0,0,0,0
Feel No Pain,0,0,0,0,0,0,0,0,0,0,1,0,0,0,0,0,0,0,0,1,0,1,0,0,0,0,1,1,0,0,1,0,0,0,0,0,0,0,1,0,1,0,1,0,0,1,0,0,1,0,0,2,1,0.5,2,1,0,0,0,0,0,0,0,2,0,0,1.5,1,2,0,1,0,1,1,1
Fire Breathing,0,0,0,-0.5,0,0,0,0,0,0,0,0,0,0,0,0.5,0.5,0,0,0,0,0.5,1.5,0.5,0,0,0.5,0,0,0,0,0,0,0,0,0,0,0,0,0,0,0,0,0,1,0,0,0,1.5,0,0,0,0,0,0,0,0,0,0,0,0,0,0.5,0,0,0,0,0,0,0,0,0,0,0,0
Flame Barrier,0,0,0,0,0,2,0,0,0,0,0,0,0,0,0,0,0,0,0,0,0,0,0,0,-0.5,0,0,0,0,0,0,0,0,2,0,0,0,0,0,0,0,0,0,0,0,0,0,0,0,0,0,0,0,0,0,0,0,0,0,1,0,0,0,0,0,0,0,0,0,0,0,0,0,0,-0.5
Ghostly Armor,0,0,0,0,0,2,0,0,0,0,0,0,0,0,0,0,0,0,0,0,0,0,0,0,-0.5,0,0,0,0,0,0,0,0,2,0,0,0,0,0,0,0,0,0,0,0,0,0,0,0,0,0,0,0,0,0,0,0,0,0,1,0,0,0,0,0,0,0,0,0,0,0,0,0,0,-0.5
Hemokinesis,0,0,0,0,0,0,0,0,0,0,0,0,0,0,0,0,0,0,0,0,0,0,0,0,2,0,0,0,0,0,0,0,0,0,0,0,0,0,0,0,0,0,0,0,0,0,0,0,0,0,0,0,0,0,0,0,0,0,0,0,0,0,0,0,0,0,0,0,0,0,0,0,0,0,0.5
Infernal Blade,0,0,0,0,0,0,0,0,0,0,0,0,0,0,0,0,0,0,0,0,0,0,0,0,0,0,0,0,0,0,0,0,0,0,0,0,0,0,0,0,0,0,0,0,0,0,0,0,0,0,0,0,0,0,0,0,0,0,0,0,0,0,0,0,0,0,0.5,0,0,0,0,0,0,0,0
Inflame,1,0,1,1,0,1,1,1.5,1,0,0.5,1,2,1,1,1,0,2,1.5,0,2,0,1,0,1,0,0,0.5,0,0,0,1,0,0,0,0,0,0,0,1,0.5,0,0,0,0,2,0,1,1,0,1,0,0,0,1,0,0,1,1.5,0,0,0.5,0,0,0,0,0,1,1.5,1.5,0,0,2,0,2
Intimidate,0,0,0,0,0,0,0,0,0,0,0,0,0,0,0,0,0,0,0,0,0,0,0,0,-0.5,0,0,0,0,0,0,0,0,0,0,0,0,0,0,0,0,0,0,0,0,0,0,0,0,0,0,0,0,0,0,0,0,0,0,0,0,0,0,0,0,0,0.5,0,0,0,0,0,0,0,-0.5
Metallicize,0,0,0,0,0,2,0,0,0,0,0,0,0,0,0,0,0,0,0,0,0,0,0,0,-0.5,0,0,0,0,0,0,0,0,2,0,0,0,0,0,0,0,0,0,0,0,0,0,0,0,0,0,0,0,0,0,0,0,0,0,1,0,0,0,0,0,0,0,0,0,0,0,0,0,0,-0.5
Power Through,0,0,0,0,0,2,-2,0,0,0,0,0,0,0,0,0,0,0,0,0.5,0,0,0,0,-0.5,0,1,0,0,0,0,0,0,2,1,0,1,0,0,0,0,0,0,0,0,0,0,0,0,0,0,2,0,0,1,0,0,0,0,1,0,0,0,0,0,0,0,0,2,0,0,0,0,0,-0.5
Pummel,0,0,0,0,0,0,0,0,0,0,0,0,0,0,0,0,0,0,0,0,0,0,0,0,0,0,0,0,0,0,0,0,0,0,0,0,0,0,0,0,0,0,0,0,0,0,0,0,0,0,0,0,0,0,0,0,0,0,0,0,0,0,0,0,0,0,0.5,0,0,0,0,0,0,0,0
Rage,1,0,1,1,0,1,1,1,1,0,0.5,1,1,1,1,1,0,1,1,0,1,0,1,0,1,0,0,1,0,0,0,1,0,0,0,0,0,0,0,1,0.5,0,0,0,0,1,0,1,1,0,1,0,0,0,1,0,0,1,1,0,0,1,0,0,0,0,0,1,1,1,0,0,0,0,1
Rampage,0,0,0,0,0,0,0,0,0,0,-0.5,2,0,0,0,0.5,0.5,0,0,-0.5,0,0,0,0.5,0,0,1,0,0,0,0,0,0,0,0,0,0,0,0,0,0,0,0,0,0,0,0,0,0,0,0,1,0,0,1,0,0,0,0,0,0,0,0.5,0,0,0,0,0,-1,0,0,0,0,0.5,0
Reckless Charge,0,0,0,0,0,0,-0.5,0,0,0,-0.5,0.5,0,0,0,-0.5,-0.5,0,0,0,0,-0.5,0,-0.5,0,-0.5,0.5,0,0,1,0,0,-0.5,0,1.5,1,1.5,0,0,0,0,0,0,0,0,0,0,0,0,0,0,0.5,-0.5,0,0,0,0,0,0,0,0,0,0.5,0,0,-0.5,0,0,0.5,0,0,0,0,-0.5,0
Rupture,0,0,0,0,0,0,0,0,0,0,0,0,0,0,0,0,0,0,0,0,0,0,0,0,0,1,0,0,2,0,0,0,0,0,0,0,0,0,0,1,0,0,0,0,0,0,0,0,0,0,0,0,0,0,0,0,0,0,0,0,0,0,2,0,0,0,0,0,0,0,0,0,0,1,0
Searing Blow,0,0,0,0,0,0,0.5,0,0,0,0,0,0,0,0,0,0,0,0,0,0,0,0,0,0,0,0,0,0,0,0,0,0,0,0,0,0,0,0,0,0,0,0,0,0,0,0,0,0,0,0,0,0,0,0,0,0,0,0,0,0,0,0,0,0,0,0,0,0,0,0,0,0,0,0
Second Wind,0,0,0,0,0,2,2,0,0,0,0,0,0,0,0,0.5,0,0,0,0,0,0,0,0,-0.5,0,0,0,0,0,0,0,0,2,0,0,0,0,0,0,0,0,0,0,0,0,0,0,0,0,0,0,0,0,1,0,0,0,0,1,0,0,0,0,0,0,1,0,0,0,0,0,0,0,-0.5
Seeing Red,0,0,0,0,0,0.5,0.5,0,0,0.5,0,0,0,0,0,1,1,0,0,0.5,0,0.5,0,1,0,0,1,0.5,0,0,0,0,1,0,0,0,0,0,0.5,0,0,0,0,0,0,0,0.5,0,0,0,0,0,0,0,0,0,0,0,0.5,0,0,0,0,-0.5,0,0,0.5,0,0,0,0,0.5,0,1,0
Sentinel,0,0,0,0,0,2,0.5,0,0,0.5,0.5,0,0,0,0,0.5,0.5,0,0,1,0,0.5,0,0.5,-0.5,0,1,0.5,0,1,0,0,0.5,2,0,0,0,0,0.5,0,0,0,0,0,0,0,0.5,0,0,0,0,1,0,0,1,0,0,0,0.5,1,0,0,0,-0.5,0,0,0,0,1,0,0,0,0,0.5,-0.5
Sever Soul,0,0,0,0,0,0,2,0,0,0,0,0,0,0,0,0.5,0,0,0,0,0,0,0,0,0,0,0,0,0,0,0,0,0,0,0,0,0,0,0,0,0,0,0,0,0,0,0,0,0,0,0,-1,0,0,1,0,0,0,0,0,0,0,0,-0.5,0,0,1,0,-0.5,0,0,0,0,0,0
Shockwave,1,0,1,1,0,1,1,1,1,0,0.5,1,1,1,1,1,0,1,1,0,1,0,1,0,1,0,0,1,0,0,0,2,0,0,0,0,0,0,0,1,0.5,0,0,0,0,1,0,1,1,0,1,0,0,0,1,0,0,1,1,0,0,1,0,0,0,0,0.5,1,1,1,0,0,0,0,1
Spot Weakness,1,0,1,1,0,1,1,1,1,0,0.5,1,2,1,1,1,0,2,1.5,0,2,0,1,0,1,0,0,0.5,0,0,0,1,0,0,0,0,0,0,0,1,0.5,0,0,0,0,2,0,1,1,0,1,0,0,0,1,0,0,1,1.5,0,0,0.5,0,0,0,0,0,1,1.5,1.5,0,0,2,0,2
Uppercut,1,0,1,1,0,1,1,1,1,0,0.5,1,1,1,1,1,0,0.5,1,0,1,0,1,0,1,0,0,1,0,0,0,2,0,0,0,0,0,0,0,1,0.5,0,0,0,0,1,0,1,1,0,1,0,0,0,1,0,0,1,1,0,0,1,0,0,0,0,0,1,1,1,0,0,0,0,1
Whirlwind,0,0,0,0,0,0,0,0,0,0,0,0,0,0,0,0,0,0,0,0,0,0,0,0,0,0,0,0,0,0,0,0,0,0,0,0,0,0,0,0,0,0,0,0,0,0,0,0,0,0,0,0,0,0,0,0,0,0,-0.5,0,0,0,0,0,0,0,0,0,0,0,0,0,0,0,0
Barricade,0,1,0,0,1,2,0,0,0.5,0,0,0,0,1,0,0,1,0,0,1,0,0,0,0,-0.5,0,0,0,0,0,0.5,0,0,2,0,1,0,1,1,0,0,0,0.5,1,1,0,1,0,0,0,0,1,0,1,0,0.5,0,0.5,0,-1,0,0,0,0,0,0,0,0,0,0,1,0,0,0,-0.5
Berserk,0,0,0,0,0,0.5,0,0,0,0.5,0,0,0,0,0,1,1,0,0,0.5,0,1,0,1,0,0,1,0.5,0,0,0,0,1,0,0,0,0,0,0.5,0,0,0,0,0,0,0,0.5,0,0,0,0,0,0,0,0,0,0,0,0.5,0,0,0,0,-0.5,0,0,0,0,0,0,0,0.5,0,1,0
Bludgeon,0,0,0,0,0,0,0,0,0,0,0,0,0,0,0,0,0,0,0,0,0,0,0,0,0,0,0,0,0,0,0,0,0,0,0,0,0,0,0,0,0,0,0,0,0,0,0,0,0,0,0,0,0,0,0,0,0,0,0,0,0,0,0,0,0,0,0,0,0,0,0,0,0,0,0
Brutality,0,0,0,0,0.5,0,-1,0,0,0,0,0,0,0,0,0,0,0,0,0,0,0.5,0,0,0,1,0,0,0,0,0,0,0.5,0,0,0,0.5,0,0,0,0,0,0,0,0,0,0.5,0.5,0.5,2,0,0.5,1,0,-1,0,0,0,0,0,0,0,0,0.5,0,0.5,0,0,0.5,0,0,0,0,0.5,0
Corruption,0,1,0,0,1,0,1,0,0,-0.5,1,0,0,0,0,0.5,1,0,0,1,0,0,-0.5,-0.5,0,-0.5,1,0,0,2,2,0,1,1,0.5,2,0.5,1,1,0,2,0,0,0,0.5,0,0,0.5,0,0,0,1,1,2,1,2,1,0,0,0.5,-0.5,0,0.5,-1,0,1,2,0.5,0,0,2,0,2,0,0
Demon Form,1,0,1,1,0,1,1,1.5,1,0,0.5,1,2,1,1,1,0,2,1.5,0,2,0,1,0,1,0,0,0.5,0,0,0,1,0,0,0,0,0,0,0,1,0.5,0,0,0,0,2,0,1,1,0,1,0,0,0,1,0,0,1,1.5,0,0,0.5,0,0,0,0,0,1,1.5,1.5,0,0,2,0,2
Double Tap,1.5,0,1,0.5,0,1,1,1,1,0,0.5,1,1.5,1,1.5,1,0.5,1,1,0,1,0.5,1,0.5,1,0,0.5,1.5,0,0,0,1,0,0,0,0,0,0,0,1,1,0,0,0,0,1,1,1,0.5,0,1.5,0,0,0,2,0,0,1.5,1.5,0,0,1.5,0,0,0,0,0.5,1,0,1.5,0,0,0,0.5,1.5
Exhume,0,0,0,0,0,0,0,0,0,0,0,0,0,0,0,0,0,0,0,0,0,0,0,0,0,0,0,0,0,0,0,0,0,0,0,0,0,0,0,0,0,0,0,0,0,0,0,0,0,0,0,0,0,0,0,0,0,0,0,0,0,0,0,0,0,0,0,0,0,0,0,0,0,0,0
Feed,0,0,0,0,0,0,0,0,0,0,0,0,0,0,0,0,0,0,0,0,0,0,0,0,0,0,0,0,0,0,0,0,0,0,0,0,0,0,0,0,0,0,0,0,0,0,0,0,0,0,0,0,0,0,0,0,0,0,0,0,0,0,0,0,0,0,0.5,0,0,0,0,0,0,0,0
Fiend Fire,0,0,0,0,0,0,0,0,0,0,0,0,0,0,0,0,0,0,0,0,0,0,0,0,0,0,0,0,0,0,0,0,0,0,0,0,0,0,0,0,0,0,0,0,0,0,0,0,0,0,0,0,0,0,0,0,0,0,0,0,0,0,0,0,0,0,1,0,0,0,0,0,0,0,0
Immolate,0,0,0,0,0,0,-0.5,0,0,0,0,0.5,0,0,0,-0.5,-0.5,0,0,0.5,0,0.5,0,-0.5,0,-0.5,1,0,0,0,0,0,-0.5,0,1.5,0,1.5,0,0,0,0,0,0,0,0,0,0,0,0,0,0,0.5,-0.5,0,0.5,0,0,0,0,0,0,0,0,0,0,-0.5,0,0,0.5,0,0,0,0,-0.5,0
Impervious,0,0,0,0,0,2,0,0,0,0,0,0,0,0,0,0,0,0,0,0,0,0,0,0,-0.5,0,0,0,0,0,0,0,0,2,0,0,0,0,0,0,0,0,0,0,0,0,0,0,0,0,0,0,0,0,0,0,0,0,0,1,0,0,0,0,0,0,0.5,0,0,0,0,0,0,0,-0.5
Juggernaut,0,1,0,0,1,0,0,0,0,0,0,0,0,1,0,0,1,0,0,1,0,0,0,0,0,0,0,0,0,0,0,0,0,1,0,1,0,1,1,0,0,0,0,1,1,0,1,0,0,0,0,2,0,1,0,0,0,0,0,0,0,0,0,0,0,0,0,0,0,0,1,0,0,0,0
Limit Break,0.5,0,0.5,0.5,0,0.5,0.5,0.5,0.5,0,0.5,0.5,0.5,0.5,0.5,0.5,0,0.5,0.5,0,0.5,0,0.5,0,0.5,0,0,0.5,0,0,0,0.5,0,0,0,0,0,0,0,0.5,0.5,0,0,0,0,0.5,0,0.5,0.5,0,0.5,0,0,0,0.5,0,0,0.5,0.5,0,0,0.5,0,0,0,0,0,0.5,0.5,0.5,0,0,0.5,0,0.5
Offering,0,0,0,0,0.5,0.5,0,0,0,0.5,0,0,0,0,0,1,1,0,0,0.5,0,0.5,0,1,2,1,1,0.5,0,0,0,0,1,0,0,0,0,0,0.5,0,0,0,0,0,0,0,0.5,0,0,1,0,0.5,1,0,-0.5,0,0,0,0.5,0,0,0,0,0.5,0,0.5,0.5,0,0.5,0,0,0.5,0,1,0.5
Reaper,0,0,0,0,0,0,0,0,0,0,0,0,0,0,0,0,0,0,0,0,0,0,0,0,0,0,0,0,0,0,0,0,0,0,0,0,0,0,0,0,0,0,0,0,0,0,0,0,0,0,0,0,0,0,0,0,0,0,0,0,0,0,0,0,0,0,0.5,0,0,0,0,0,0,0,0
,,,,,,,,,,,,,,,,,,,,,,,,,,,,,,,,,,,,,,,,,,,,,,,,,,,,,,,,,,,,,,,,,,,,,,,,,,,
,,,,,,,,,,,,,,,,,,,,,,,,,,,,,,,,,,,,,,,,,,,,,,,,,,,,,,,,,,,,,,,,,,,,,,,,,,,
,,,,,,,,,,,,,,,,,,,,,,,,,,,,,,,,,,,,,,,,,,,,,,,,,,,,,,,,,,,,,,,,,,,,,,,,,,,
,,,,,,,,,,,,,,,,,,,,,,,,,,,,,,,,,,,,,,,,,,,,,,,,,,,,,,,,,,,,,,,,,,,,,,,,,,,
,,,,,,,,,,,,,,,,,,,,,,,,,,,,,,,,,,,,,,,,,,,,,,,,,,,,,,,,,,,,,,,,,,,,,,,,,,,
,,,,,,,,,,,,,,,,,,,,,,,,,,,,,,,,,,,,,,,,,,,,,,,,,,,,,,,,,,,,,,,,,,,,,,,,,,,
,,,,,,,,,,,,,,,,,,,,,,,,,,,,,,,,,,,,,,,,,,,,,,,,,,,,,,,,,,,,,,,,,,,,,,,,,,,
,,,,,,,,,,,,,,,,,,,,,,,,,,,,,,,,,,,,,,,,,,,,,,,,,,,,,,,,,,,,,,,,,,,,,,,,,,,
,,,,,,,,,,,,,,,,,,,,,,,,,,,,,,,,,,,,,,,,,,,,,,,,,,,,,,,,,,,,,,,,,,,,,,,,,,,
,,,,,,,,,,,,,,,,,,,,,,,,,,,,,,,,,,,,,,,,,,,,,,,,,,,,,,,,,,,,,,,,,,,,,,,,,,,
,,,,,,,,,,,,,,,,,,,,,,,,,,,,,,,,,,,,,,,,,,,,,,,,,,,,,,,,,,,,,,,,,,,,,,,,,,,
,,,,,,,,,,,,,,,,,,,,,,,,,,,,,,,,,,,,,,,,,,,,,,,,,,,,,,,,,,,,,,,,,,,,,,,,,,,
,,,,,,,,,,,,,,,,,,,,,,,,,,,,,,,,,,,,,,,,,,,,,,,,,,,,,,,,,,,,,,,,,,,,,,,,,,,
,,,,,,,,,,,,,,,,,,,,,,,,,,,,,,,,,,,,,,,,,,,,,,,,,,,,,,,,,,,,,,,,,,,,,,,,,,,
,,,,,,,,,,,,,,,,,,,,,,,,,,,,,,,,,,,,,,,,,,,,,,,,,,,,,,,,,,,,,,,,,,,,,,,,,,,
,,,,,,,,,,,,,,,,,,,,,,,,,,,,,,,,,,,,,,,,,,,,,,,,,,,,,,,,,,,,,,,,,,,,,,,,,,,
,,,,,,,,,,,,,,,,,,,,,,,,,,,,,,,,,,,,,,,,,,,,,,,,,,,,,,,,,,,,,,,,,,,,,,,,,,,
,,,,,,,,,,,,,,,,,,,,,,,,,,,,,,,,,,,,,,,,,,,,,,,,,,,,,,,,,,,,,,,,,,,,,,,,,,,
,,,,,,,,,,,,,,,,,,,,,,,,,,,,,,,,,,,,,,,,,,,,,,,,,,,,,,,,,,,,,,,,,,,,,,,,,,,
,,,,,,,,,,,,,,,,,,,,,,,,,,,,,,,,,,,,,,,,,,,,,,,,,,,,,,,,,,,,,,,,,,,,,,,,,,,
,,,,,,,,,,,,,,,,,,,,,,,,,,,,,,,,,,,,,,,,,,,,,,,,,,,,,,,,,,,,,,,,,,,,,,,,,,,
,,,,,,,,,,,,,,,,1,1,,,,,1,,1,,,1,,,0.5,,0.5,,,0.5,,,,,,,,,,,,,,,,,,,,,,,,,,,,0.5,,,,,,,,,,,1,